source,celltype,gene_id,gene_symbol,gene_symbol_canonical,log2_fold_change,bootstrap_ci_low,bootstrap_ci_high,stratified_permutation_p,n_SLE,n_HC,bootstraps,permutations,seed
generated,T cell,ENSG00000019582,CD74,CD74,0.5999033323294198,0.41053891360182987,0.7896233864669742,0.001,30,12,1000,999,20260917
generated,T cell,ENSG00000134326,CMPK2,CMPK2,1.7670365953062719,1.1417678195403933,2.279494479578307,0.002,30,12,1000,999,20260917
generated,T cell,ENSG00000137200,CMTR1,CMTR1,0.0,0.0,0.0,1.0,30,12,1000,999,20260917
generated,T cell,ENSG00000184371,CSF1,CSF1,0.0,0.0,0.0,1.0,30,12,1000,999,20260917
generated,T cell,ENSG00000169245,CXCL10,CXCL10,0.0,0.0,0.0,1.0,30,12,1000,999,20260917
generated,T cell,ENSG00000169248,CXCL11,CXCL11,0.0,0.0,0.0,1.0,30,12,1000,999,20260917
generated,T cell,ENSG00000137628,DDX60,DDX60,2.320892052400008,1.5600076247675438,3.0184845087879983,0.001,30,12,1000,999,20260917
generated,T cell,ENSG00000055332,EIF2AK2,EIF2AK2,0.9398072613397473,0.6864176145028814,1.1806748751884695,0.001,30,12,1000,999,20260917
generated,T cell,ENSG00000133106,EPSTI1,EPSTI1,2.078261316415431,1.49239834796353,2.616483095680686,0.001,30,12,1000,999,20260917
generated,T cell,ENSG00000112773,FAM46A,TENT5A,-0.022024964542135646,-0.06509112124786869,0.0,0.456,30,12,1000,999,20260917
generated,T cell,ENSG00000162645,GBP2,GBP2,0.5605233829911932,0.3870841006594794,0.7262702167436973,0.001,30,12,1000,999,20260917
generated,T cell,ENSG00000162654,GBP4,GBP4,0.6019595065431574,0.3581990568004495,0.8169902751749056,0.008,30,12,1000,999,20260917
generated,T cell,ENSG00000137198,GMPR,GMPR,0.04121685363560509,0.0,0.12027773583841762,1.0,30,12,1000,999,20260917
generated,T cell,ENSG00000130589,HELZ2,HELZ2,0.4420672894853605,0.16061827261062703,0.7311780095494866,0.087,30,12,1000,999,20260917
generated,T cell,ENSG00000138642,HERC6,HERC6,1.584510673647489,0.8981783522803133,2.1602946153116522,0.011,30,12,1000,999,20260917
generated,T cell,ENSG00000165949,IFI27,IFI27,1.775834724977555,1.1197230171571104,2.3332838290848827,0.004,30,12,1000,999,20260917
generated,T cell,ENSG00000216490,IFI30,IFI30,0.06786843950988959,-0.11334024488445603,0.2542285260903715,0.619,30,12,1000,999,20260917
generated,T cell,ENSG00000068079,IFI35,IFI35,1.765501685652077,1.224083891050533,2.241474452921059,0.001,30,12,1000,999,20260917
generated,T cell,ENSG00000137965,IFI44,IFI44,2.572621114967313,1.8803041600819563,3.2213507240821397,0.001,30,12,1000,999,20260917
generated,T cell,ENSG00000137959,IFI44L,IFI44L,2.6578834104898674,2.0638174114198424,3.2320819528766203,0.001,30,12,1000,999,20260917
generated,T cell,ENSG00000115267,IFIH1,IFIH1,0.4941713907387517,0.12736867631625579,0.8562292269896038,0.119,30,12,1000,999,20260917
generated,T cell,ENSG00000119922,IFIT2,IFIT2,1.3114735633624397,0.5722745206268784,1.8892162687004448,0.039,30,12,1000,999,20260917
generated,T cell,ENSG00000119917,IFIT3,IFIT3,3.128700826252608,2.3087565066977795,3.806863633416958,0.001,30,12,1000,999,20260917
generated,T cell,ENSG00000185885,IFITM1,IFITM1,0.014366344397590382,-0.14747265179579788,0.16847765138623216,0.902,30,12,1000,999,20260917
generated,T cell,ENSG00000185201,IFITM2,IFITM2,0.27374849953623576,0.13597676033532466,0.3983569335487563,0.02,30,12,1000,999,20260917
generated,T cell,ENSG00000142089,IFITM3,IFITM3,1.502496908060509,1.099356207733784,1.8481144851807014,0.001,30,12,1000,999,20260917
generated,T cell,ENSG00000164136,IL15,IL15,0.0,0.0,0.0,1.0,30,12,1000,999,20260917
generated,T cell,ENSG00000077238,IL4R,IL4R,-0.1140790211741982,-0.2306392526372181,0.01914343766011811,0.083,30,12,1000,999,20260917
generated,T cell,ENSG00000104432,IL7,IL7,0.0,0.0,0.0,1.0,30,12,1000,999,20260917
generated,T cell,ENSG00000185507,IRF7,IRF7,1.3289648129595062,0.9337269591798458,1.6965926893686212,0.001,30,12,1000,999,20260917
generated,T cell,ENSG00000187608,ISG15,ISG15,1.1983161697119284,0.9025549504847936,1.503135079362514,0.001,30,12,1000,999,20260917
generated,T cell,ENSG00000172183,ISG20,ISG20,0.38332632440437375,0.26657343988419113,0.5022693535682701,0.001,30,12,1000,999,20260917
generated,T cell,ENSG00000078081,LAMP3,LAMP3,0.047294583036756724,0.006471475185814766,0.08856174464271468,0.366,30,12,1000,999,20260917
generated,T cell,ENSG00000002549,LAP3,LAP3,0.8683701505410514,0.5957388871741107,1.1268639869930483,0.001,30,12,1000,999,20260917
generated,T cell,ENSG00000139679,LPAR6,LPAR6,0.33914606222861227,0.08342389831540467,0.6032953075243409,0.066,30,12,1000,999,20260917
generated,T cell,ENSG00000155363,MOV10,MOV10,0.0,0.0,0.0,1.0,30,12,1000,999,20260917
generated,T cell,ENSG00000157601,MX1,MX1,1.4454167909570566,1.0121242474050296,1.8232360264106737,0.001,30,12,1000,999,20260917
generated,T cell,ENSG00000089127,OAS1,OAS1,2.9639731366012656,2.251591843988398,3.5704907551549225,0.001,30,12,1000,999,20260917
generated,T cell,ENSG00000135114,OASL,OASL,2.5393554034984795,1.7365945054311833,3.159524874614121,0.001,30,12,1000,999,20260917
generated,T cell,ENSG00000059378,PARP12,PARP12,0.9673938894112972,0.46643404850584197,1.3962708698407997,0.014,30,12,1000,999,20260917
generated,T cell,ENSG00000173193,PARP14,PARP14,0.853735018370824,0.5661899358727837,1.1218499901973626,0.002,30,12,1000,999,20260917
generated,T cell,ENSG00000138496,PARP9,PARP9,1.0706057009041736,0.688134928084648,1.407502886483667,0.005,30,12,1000,999,20260917
generated,T cell,ENSG00000188313,PLSCR1,PLSCR1,1.5432243414588778,1.0662912791461903,1.9821025813350448,0.001,30,12,1000,999,20260917
generated,T cell,ENSG00000138035,PNPT1,PNPT1,0.6888110908541675,0.3508131585113214,1.037144707761321,0.017,30,12,1000,999,20260917
generated,T cell,ENSG00000104312,RIPK2,RIPK2,0.1639422776432716,-0.057823197667579394,0.38044162983421426,0.226,30,12,1000,999,20260917
generated,T cell,ENSG00000092098,RNF31,RNF31,0.0,0.0,0.0,1.0,30,12,1000,999,20260917
generated,T cell,ENSG00000134321,RSAD2,RSAD2,1.896468282124209,1.1442080953410325,2.5158563023763767,0.007,30,12,1000,999,20260917
generated,T cell,ENSG00000205413,SAMD9,SAMD9,0.7185828404450619,0.5130193764467563,0.9133800862317224,0.001,30,12,1000,999,20260917
generated,T cell,ENSG00000177409,SAMD9L,SAMD9L,1.3584999932078021,0.8929345148344201,1.7650165320544215,0.001,30,12,1000,999,20260917
generated,T cell,ENSG00000188404,SELL,SELL,0.1426365384361626,0.04844644534918768,0.23450302060671316,0.037,30,12,1000,999,20260917
generated,T cell,ENSG00000135899,SP110,SP110,0.37317988673342445,0.20657200754704255,0.535563966586632,0.004,30,12,1000,999,20260917
generated,T cell,ENSG00000170581,STAT2,STAT2,0.4974728762114342,0.27292276601618576,0.7186439669287086,0.006,30,12,1000,999,20260917
generated,T cell,ENSG00000196116,TDRD7,TDRD7,0.0,0.0,0.0,1.0,30,12,1000,999,20260917
generated,T cell,ENSG00000146859,TMEM140,TMEM140,0.05091606288186026,0.0,0.12748700833149282,0.864,30,12,1000,999,20260917
generated,T cell,ENSG00000135148,TRAFD1,TRAFD1,0.2811837258342436,0.09257693560883291,0.4873715915931769,0.113,30,12,1000,999,20260917
generated,T cell,ENSG00000106785,TRIM14,TRIM14,0.1957960917462952,0.0045573602347948805,0.3753513758449784,0.156,30,12,1000,999,20260917
generated,T cell,ENSG00000121060,TRIM25,TRIM25,0.08134213759190242,0.0,0.1681583677641016,0.368,30,12,1000,999,20260917
generated,T cell,ENSG00000132256,TRIM5,TRIM5,0.07602170859727315,0.0,0.16581498513558585,0.763,30,12,1000,999,20260917
generated,T cell,ENSG00000182179,UBA7,UBA7,-0.006426877104420154,-0.12935060032952783,0.09727876864942676,0.934,30,12,1000,999,20260917
generated,T cell,ENSG00000184979,USP18,USP18,1.2965606747896992,0.8168914595690225,1.7178991181676226,0.008,30,12,1000,999,20260917
generated,T cell,ENSG00000140105,WARS,WARS1,0.8024527285654609,0.48410684199260967,1.11601900881685,0.005,30,12,1000,999,20260917
real,T cell,ENSG00000019582,CD74,CD74,0.5325923074904231,0.2347891166049861,0.7865426239224504,0.021,30,12,1000,999,20260917
real,T cell,ENSG00000134326,CMPK2,CMPK2,2.7151909939564356,2.085053549157937,3.3000271234867187,0.001,30,12,1000,999,20260917
real,T cell,ENSG00000137200,CMTR1,CMTR1,0.6459420722149322,0.37216608228659903,0.8987093782133053,0.003,30,12,1000,999,20260917
real,T cell,ENSG00000184371,CSF1,CSF1,0.48199266285239145,0.10987425419165886,0.822138324923519,0.083,30,12,1000,999,20260917
real,T cell,ENSG00000169245,CXCL10,CXCL10,1.897793824882029,1.117672304837201,2.533978974387141,0.001,30,12,1000,999,20260917
real,T cell,ENSG00000169248,CXCL11,CXCL11,0.3537364237245921,0.15531836069062213,0.5599231987195497,0.03,30,12,1000,999,20260917
real,T cell,ENSG00000137628,DDX60,DDX60,1.6376711380838418,1.1970881367718718,2.036167111432979,0.001,30,12,1000,999,20260917
real,T cell,ENSG00000055332,EIF2AK2,EIF2AK2,1.6262995989990636,1.2639867583596014,1.9406106880146938,0.001,30,12,1000,999,20260917
real,T cell,ENSG00000133106,EPSTI1,EPSTI1,2.387239089863285,1.739361602751201,3.056723012018257,0.001,30,12,1000,999,20260917
real,T cell,ENSG00000112773,FAM46A,TENT5A,0.27808712684280096,0.09298360747894426,0.4639478667432491,0.079,30,12,1000,999,20260917
real,T cell,ENSG00000162645,GBP2,GBP2,0.23043488973163367,0.04598522051148493,0.40281069316211293,0.118,30,12,1000,999,20260917
real,T cell,ENSG00000162654,GBP4,GBP4,0.4024904117700465,0.14776098545578314,0.6395050254232769,0.035,30,12,1000,999,20260917
real,T cell,ENSG00000137198,GMPR,GMPR,1.2454541777237276,0.7448873777944096,1.728965636323326,0.001,30,12,1000,999,20260917
real,T cell,ENSG00000130589,HELZ2,HELZ2,1.6206133989817837,1.1963305809353793,1.9747510833343223,0.001,30,12,1000,999,20260917
real,T cell,ENSG00000138642,HERC6,HERC6,1.8044026664487023,1.3442195422684617,2.220127406232308,0.001,30,12,1000,999,20260917
real,T cell,ENSG00000165949,IFI27,IFI27,7.211612930071716,6.137959171385184,8.037981787764213,0.001,30,12,1000,999,20260917
real,T cell,ENSG00000216490,IFI30,IFI30,0.46114241473236833,0.09740039401692481,0.820065198897629,0.059,30,12,1000,999,20260917
real,T cell,ENSG00000068079,IFI35,IFI35,1.2091527007837766,0.8103298468110133,1.5413824233149087,0.001,30,12,1000,999,20260917
real,T cell,ENSG00000137965,IFI44,IFI44,2.4586771102002176,1.9201857674612592,2.915675645110484,0.001,30,12,1000,999,20260917
real,T cell,ENSG00000137959,IFI44L,IFI44L,3.655280899109145,2.930818504558931,4.328620017620698,0.001,30,12,1000,999,20260917
real,T cell,ENSG00000115267,IFIH1,IFIH1,1.2405970465782825,0.85710553452675,1.5703614239355934,0.001,30,12,1000,999,20260917
real,T cell,ENSG00000119922,IFIT2,IFIT2,2.1477589367097862,0.9540667914992067,3.2027833601397573,0.008,30,12,1000,999,20260917
real,T cell,ENSG00000119917,IFIT3,IFIT3,3.333044750444567,2.3769727042937925,4.059547256852753,0.001,30,12,1000,999,20260917
real,T cell,ENSG00000185885,IFITM1,IFITM1,1.3450908844978604,0.8212863553785271,1.943546646393577,0.001,30,12,1000,999,20260917
real,T cell,ENSG00000185201,IFITM2,IFITM2,0.6924565716587318,0.4433427274751852,0.9258541591890368,0.001,30,12,1000,999,20260917
real,T cell,ENSG00000142089,IFITM3,IFITM3,1.768694544232081,1.1965413340014088,2.4463914819763253,0.001,30,12,1000,999,20260917
real,T cell,ENSG00000164136,IL15,IL15,0.7947880776076152,0.4133522480217117,1.164193461330871,0.002,30,12,1000,999,20260917
real,T cell,ENSG00000077238,IL4R,IL4R,0.009370290621655711,-0.19772293760680792,0.25283322399038755,0.938,30,12,1000,999,20260917
real,T cell,ENSG00000104432,IL7,IL7,0.5029359269307179,0.15293830856223364,0.8495334529465752,0.037,30,12,1000,999,20260917
real,T cell,ENSG00000185507,IRF7,IRF7,1.6746003939889502,1.2655827634370824,2.0164449724453952,0.001,30,12,1000,999,20260917
real,T cell,ENSG00000187608,ISG15,ISG15,1.923475851298059,1.3357206160760584,2.4232914857366783,0.001,30,12,1000,999,20260917
real,T cell,ENSG00000172183,ISG20,ISG20,0.7110038261838514,0.47826788700368944,0.9360330135990187,0.001,30,12,1000,999,20260917
real,T cell,ENSG00000078081,LAMP3,LAMP3,2.1621322990888125,1.5839618801336224,2.689615433792692,0.001,30,12,1000,999,20260917
real,T cell,ENSG00000002549,LAP3,LAP3,1.0236576682173355,0.63703786549617,1.3558332456564206,0.002,30,12,1000,999,20260917
real,T cell,ENSG00000139679,LPAR6,LPAR6,0.2868020471425001,-0.03433060226413051,0.6158630837654265,0.208,30,12,1000,999,20260917
real,T cell,ENSG00000155363,MOV10,MOV10,0.7563707623451877,0.45377967212768555,1.0348075733425612,0.002,30,12,1000,999,20260917
real,T cell,ENSG00000157601,MX1,MX1,2.1861909837708766,1.6302901800964213,2.6678054723927938,0.001,30,12,1000,999,20260917
real,T cell,ENSG00000089127,OAS1,OAS1,2.7250892839474177,2.108149509370825,3.2335148090482067,0.001,30,12,1000,999,20260917
real,T cell,ENSG00000135114,OASL,OASL,2.344843727082003,1.6113442203227735,3.0184039924287585,0.001,30,12,1000,999,20260917
real,T cell,ENSG00000059378,PARP12,PARP12,0.914654447418348,0.6023653599574751,1.1779714751183497,0.001,30,12,1000,999,20260917
real,T cell,ENSG00000173193,PARP14,PARP14,0.9350355255668868,0.5860267044139891,1.263222764313797,0.001,30,12,1000,999,20260917
real,T cell,ENSG00000138496,PARP9,PARP9,1.6533158180585439,1.1935973633811778,2.0529885290445438,0.001,30,12,1000,999,20260917
real,T cell,ENSG00000188313,PLSCR1,PLSCR1,2.069653481221637,1.5492098856072423,2.5269350499706427,0.001,30,12,1000,999,20260917
real,T cell,ENSG00000138035,PNPT1,PNPT1,0.5046010735085559,0.25058829415954004,0.7555373961425842,0.007,30,12,1000,999,20260917
real,T cell,ENSG00000104312,RIPK2,RIPK2,0.9227873007223143,0.7104718996783146,1.133917188224342,0.001,30,12,1000,999,20260917
real,T cell,ENSG00000092098,RNF31,RNF31,0.43514653919346646,0.016713670290927504,0.8547963164852851,0.047,30,12,1000,999,20260917
real,T cell,ENSG00000134321,RSAD2,RSAD2,3.0319068413212893,2.3350602012383397,3.653310472222837,0.001,30,12,1000,999,20260917
real,T cell,ENSG00000205413,SAMD9,SAMD9,0.5471828802703993,0.2557223792883545,0.8364055187099694,0.015,30,12,1000,999,20260917
real,T cell,ENSG00000177409,SAMD9L,SAMD9L,1.1731056761000493,0.7600936981011251,1.507790787813236,0.001,30,12,1000,999,20260917
real,T cell,ENSG00000188404,SELL,SELL,0.15138971187307695,-0.09526678318960144,0.42391966291756206,0.38,30,12,1000,999,20260917
real,T cell,ENSG00000135899,SP110,SP110,0.5474593568729433,0.3280730671377599,0.7592171797798767,0.003,30,12,1000,999,20260917
real,T cell,ENSG00000170581,STAT2,STAT2,0.715585852129502,0.3946549338032254,1.0260754276095052,0.004,30,12,1000,999,20260917
real,T cell,ENSG00000196116,TDRD7,TDRD7,0.7318039447625329,0.43792836427180754,0.9920830848401999,0.001,30,12,1000,999,20260917
real,T cell,ENSG00000146859,TMEM140,TMEM140,0.8436153152864139,0.4656781859112004,1.185853927627628,0.003,30,12,1000,999,20260917
real,T cell,ENSG00000135148,TRAFD1,TRAFD1,0.5956882973832132,0.2678486128553875,0.9234664335173289,0.016,30,12,1000,999,20260917
real,T cell,ENSG00000106785,TRIM14,TRIM14,0.43935437352829393,0.20097124405270686,0.6896255630968391,0.01,30,12,1000,999,20260917
real,T cell,ENSG00000121060,TRIM25,TRIM25,0.8651135490026365,0.5859872714817519,1.118874492067208,0.001,30,12,1000,999,20260917
real,T cell,ENSG00000132256,TRIM5,TRIM5,0.5724500414888835,0.35457314634184495,0.7747838517454209,0.001,30,12,1000,999,20260917
real,T cell,ENSG00000182179,UBA7,UBA7,0.5071128719756149,0.26865838814113285,0.7338168129204226,0.007,30,12,1000,999,20260917
real,T cell,ENSG00000184979,USP18,USP18,2.5954275900285277,2.0515961519334125,3.0412580007410037,0.001,30,12,1000,999,20260917
real,T cell,ENSG00000140105,WARS,WARS1,0.8246418201614646,0.48094306060734554,1.142106754289827,0.004,30,12,1000,999,20260917
generated,B cell,ENSG00000019582,CD74,CD74,0.047183687604124745,-0.044341001079570716,0.1447669579364018,0.492,30,12,1000,999,20260918
generated,B cell,ENSG00000134326,CMPK2,CMPK2,1.3582116347603335,0.5127592629159383,2.116974139293555,0.052,30,12,1000,999,20260918
generated,B cell,ENSG00000137200,CMTR1,CMTR1,0.0,0.0,0.0,1.0,30,12,1000,999,20260918
generated,B cell,ENSG00000184371,CSF1,CSF1,0.0,0.0,0.0,1.0,30,12,1000,999,20260918
generated,B cell,ENSG00000169245,CXCL10,CXCL10,0.0,0.0,0.0,1.0,30,12,1000,999,20260918
generated,B cell,ENSG00000169248,CXCL11,CXCL11,0.0,0.0,0.0,1.0,30,12,1000,999,20260918
generated,B cell,ENSG00000137628,DDX60,DDX60,2.9248427649593007,1.9756851746951183,3.816027013183819,0.001,30,12,1000,999,20260918
generated,B cell,ENSG00000055332,EIF2AK2,EIF2AK2,1.0606677056384899,0.7608088676634572,1.3541760246299364,0.001,30,12,1000,999,20260918
generated,B cell,ENSG00000133106,EPSTI1,EPSTI1,2.1982228230078156,1.5639030855501281,2.784792261483669,0.001,30,12,1000,999,20260918
generated,B cell,ENSG00000112773,FAM46A,TENT5A,0.10105531477165067,0.0,0.28412701475063346,1.0,30,12,1000,999,20260918
generated,B cell,ENSG00000162645,GBP2,GBP2,1.0032651032098736,0.4832244741036001,1.5584064266883333,0.001,30,12,1000,999,20260918
generated,B cell,ENSG00000162654,GBP4,GBP4,0.505503359253377,0.1451271552469121,0.926901424738828,0.03,30,12,1000,999,20260918
generated,B cell,ENSG00000137198,GMPR,GMPR,0.0,0.0,0.0,1.0,30,12,1000,999,20260918
generated,B cell,ENSG00000130589,HELZ2,HELZ2,0.1485291734780517,-0.3774137989779539,0.6933779495556942,0.803,30,12,1000,999,20260918
generated,B cell,ENSG00000138642,HERC6,HERC6,0.8246440503255624,0.2933189723393198,1.2808031997998717,0.172,30,12,1000,999,20260918
generated,B cell,ENSG00000165949,IFI27,IFI27,2.240630060172461,1.336676807441606,2.8009980189153207,0.008,30,12,1000,999,20260918
generated,B cell,ENSG00000216490,IFI30,IFI30,-0.4073430355110754,-1.2431473054986688,0.5321125553304743,0.364,30,12,1000,999,20260918
generated,B cell,ENSG00000068079,IFI35,IFI35,1.0888055086060282,0.549403607704654,1.6136263603922811,0.005,30,12,1000,999,20260918
generated,B cell,ENSG00000137965,IFI44,IFI44,4.206916067429213,3.322542609627373,5.203036907866724,0.001,30,12,1000,999,20260918
generated,B cell,ENSG00000137959,IFI44L,IFI44L,2.8419745906393645,2.20441819110688,3.4136989565683606,0.001,30,12,1000,999,20260918
generated,B cell,ENSG00000115267,IFIH1,IFIH1,1.1275374826733466,0.23816069358886893,1.8030050393359822,0.2,30,12,1000,999,20260918
generated,B cell,ENSG00000119922,IFIT2,IFIT2,0.8706306634838376,-0.29576662497237266,1.796256508724124,0.334,30,12,1000,999,20260918
generated,B cell,ENSG00000119917,IFIT3,IFIT3,3.3954272167083563,2.385310100732202,4.435635747752075,0.001,30,12,1000,999,20260918
generated,B cell,ENSG00000185885,IFITM1,IFITM1,-0.03543242830271875,-0.34266407508109903,0.2549444986671323,0.882,30,12,1000,999,20260918
generated,B cell,ENSG00000185201,IFITM2,IFITM2,0.2211672648134735,0.07942161705475524,0.3682025059961124,0.048,30,12,1000,999,20260918
generated,B cell,ENSG00000142089,IFITM3,IFITM3,2.221258073062579,1.4577476749872955,2.8845868013108746,0.001,30,12,1000,999,20260918
generated,B cell,ENSG00000164136,IL15,IL15,0.0,0.0,0.0,1.0,30,12,1000,999,20260918
generated,B cell,ENSG00000077238,IL4R,IL4R,-0.093143710186915,-0.29320472753416255,0.09227313005661499,0.543,30,12,1000,999,20260918
generated,B cell,ENSG00000104432,IL7,IL7,0.0,0.0,0.0,1.0,30,12,1000,999,20260918
generated,B cell,ENSG00000185507,IRF7,IRF7,1.1606674273732847,0.7882746227772159,1.4856996504892446,0.001,30,12,1000,999,20260918
generated,B cell,ENSG00000187608,ISG15,ISG15,1.321176698595301,0.8902708840601489,1.7327843256991198,0.001,30,12,1000,999,20260918
generated,B cell,ENSG00000172183,ISG20,ISG20,0.3197796233837595,0.20118689046171812,0.4358710814997364,0.001,30,12,1000,999,20260918
generated,B cell,ENSG00000078081,LAMP3,LAMP3,0.0,0.0,0.0,1.0,30,12,1000,999,20260918
generated,B cell,ENSG00000002549,LAP3,LAP3,0.8782988820100835,0.5075355786755892,1.2385136328538648,0.002,30,12,1000,999,20260918
generated,B cell,ENSG00000139679,LPAR6,LPAR6,-0.17571788232525437,-0.8416887640966035,0.5489125516626447,0.677,30,12,1000,999,20260918
generated,B cell,ENSG00000155363,MOV10,MOV10,0.0,0.0,0.0,1.0,30,12,1000,999,20260918
generated,B cell,ENSG00000157601,MX1,MX1,1.6835859675288847,1.1790595623191908,2.120003729329806,0.001,30,12,1000,999,20260918
generated,B cell,ENSG00000089127,OAS1,OAS1,1.3821315943825383,0.7975701254182008,1.8921009323869544,0.003,30,12,1000,999,20260918
generated,B cell,ENSG00000135114,OASL,OASL,0.0,0.0,0.0,1.0,30,12,1000,999,20260918
generated,B cell,ENSG00000059378,PARP12,PARP12,0.23668802552416665,-0.8268694864851243,1.394681721107832,0.864,30,12,1000,999,20260918
generated,B cell,ENSG00000173193,PARP14,PARP14,0.5882832115183637,0.3770899074028338,0.800580982508164,0.002,30,12,1000,999,20260918
generated,B cell,ENSG00000138496,PARP9,PARP9,1.070878567778011,0.5316172251329667,1.575923138073258,0.005,30,12,1000,999,20260918
generated,B cell,ENSG00000188313,PLSCR1,PLSCR1,1.8542715578305111,1.210912951502381,2.398307784163826,0.001,30,12,1000,999,20260918
generated,B cell,ENSG00000138035,PNPT1,PNPT1,0.13166122784879247,-0.5005800984541269,0.7924424796873033,0.763,30,12,1000,999,20260918
generated,B cell,ENSG00000104312,RIPK2,RIPK2,0.5748102588482373,-0.23375662381708684,1.4740314958304543,0.241,30,12,1000,999,20260918
generated,B cell,ENSG00000092098,RNF31,RNF31,0.0,0.0,0.0,1.0,30,12,1000,999,20260918
generated,B cell,ENSG00000134321,RSAD2,RSAD2,0.547348458134126,-0.24942821491125378,1.255835710511228,0.371,30,12,1000,999,20260918
generated,B cell,ENSG00000205413,SAMD9,SAMD9,0.7480782600481835,0.4424158822801118,1.0496717377780018,0.002,30,12,1000,999,20260918
generated,B cell,ENSG00000177409,SAMD9L,SAMD9L,1.2088527910861773,0.7914692495158916,1.574138694690045,0.001,30,12,1000,999,20260918
generated,B cell,ENSG00000188404,SELL,SELL,0.2802739435774873,0.15078780686939683,0.4154227703673751,0.009,30,12,1000,999,20260918
generated,B cell,ENSG00000135899,SP110,SP110,0.32840063494872823,0.15151654312621005,0.5154904894774436,0.005,30,12,1000,999,20260918
generated,B cell,ENSG00000170581,STAT2,STAT2,0.4117946175265543,-0.00765486155691646,0.7937278397938902,0.076,30,12,1000,999,20260918
generated,B cell,ENSG00000196116,TDRD7,TDRD7,0.0,0.0,0.0,1.0,30,12,1000,999,20260918
generated,B cell,ENSG00000146859,TMEM140,TMEM140,0.0,0.0,0.0,1.0,30,12,1000,999,20260918
generated,B cell,ENSG00000135148,TRAFD1,TRAFD1,0.2785229565050716,0.0,0.548794115835535,0.521,30,12,1000,999,20260918
generated,B cell,ENSG00000106785,TRIM14,TRIM14,0.7070916470352403,0.24122249105162,1.2296995727473643,0.021,30,12,1000,999,20260918
generated,B cell,ENSG00000121060,TRIM25,TRIM25,0.5595822359939104,0.0,1.1076511383478396,0.762,30,12,1000,999,20260918
generated,B cell,ENSG00000132256,TRIM5,TRIM5,0.0,0.0,0.0,1.0,30,12,1000,999,20260918
generated,B cell,ENSG00000182179,UBA7,UBA7,-0.21458792039619876,-0.7635980716607258,0.3897617826332036,0.502,30,12,1000,999,20260918
generated,B cell,ENSG00000184979,USP18,USP18,0.60810272485284,0.08723521787571417,1.1347854558267292,0.192,30,12,1000,999,20260918
generated,B cell,ENSG00000140105,WARS,WARS1,-0.027922134027667873,-0.6128840560714752,0.5671461811694581,0.941,30,12,1000,999,20260918
real,B cell,ENSG00000019582,CD74,CD74,0.017823725850514748,-0.15677184955446924,0.19550876961283856,0.877,30,12,1000,999,20260918
real,B cell,ENSG00000134326,CMPK2,CMPK2,2.877420218989492,2.13548705850856,3.5722449685076434,0.001,30,12,1000,999,20260918
real,B cell,ENSG00000137200,CMTR1,CMTR1,0.8257306103085177,0.42227316737999665,1.1869292873902926,0.003,30,12,1000,999,20260918
real,B cell,ENSG00000184371,CSF1,CSF1,0.7512648442151986,0.007354705072567587,1.5248755455649823,0.321,30,12,1000,999,20260918
real,B cell,ENSG00000169245,CXCL10,CXCL10,1.8556517909028727,0.9482867708111193,2.522699148222363,0.012,30,12,1000,999,20260918
real,B cell,ENSG00000169248,CXCL11,CXCL11,0.22812587693776465,0.0,0.45041531878259905,0.584,30,12,1000,999,20260918
real,B cell,ENSG00000137628,DDX60,DDX60,1.3399399105400993,0.8649261732686245,1.7817118826723817,0.002,30,12,1000,999,20260918
real,B cell,ENSG00000055332,EIF2AK2,EIF2AK2,1.4902347655141892,1.1305705429013766,1.8163766194662065,0.001,30,12,1000,999,20260918
real,B cell,ENSG00000133106,EPSTI1,EPSTI1,2.1870707038025112,1.623386430241641,2.7589715706418763,0.001,30,12,1000,999,20260918
real,B cell,ENSG00000112773,FAM46A,TENT5A,0.48496443528039296,0.15328181732858853,0.7754664608362927,0.045,30,12,1000,999,20260918
real,B cell,ENSG00000162645,GBP2,GBP2,0.34890425711516054,0.053378623000528924,0.6488073070864326,0.116,30,12,1000,999,20260918
real,B cell,ENSG00000162654,GBP4,GBP4,0.5224808350255276,0.2373844289745886,0.8012544665334929,0.02,30,12,1000,999,20260918
real,B cell,ENSG00000137198,GMPR,GMPR,2.571184066654504,1.764900172183733,3.276717599049936,0.001,30,12,1000,999,20260918
real,B cell,ENSG00000130589,HELZ2,HELZ2,1.248015056744121,0.8753966344163389,1.6302016137523658,0.001,30,12,1000,999,20260918
real,B cell,ENSG00000138642,HERC6,HERC6,1.8432783815218423,1.2548934121410782,2.330308829171998,0.001,30,12,1000,999,20260918
real,B cell,ENSG00000165949,IFI27,IFI27,7.3508716792547,5.5334038967821675,8.603039181017953,0.001,30,12,1000,999,20260918
real,B cell,ENSG00000216490,IFI30,IFI30,0.32687333916083766,-0.04372168396844649,0.6689655607310749,0.192,30,12,1000,999,20260918
real,B cell,ENSG00000068079,IFI35,IFI35,1.2327879768173822,0.7493274599116676,1.6221982131145767,0.007,30,12,1000,999,20260918
real,B cell,ENSG00000137965,IFI44,IFI44,3.0085537359276566,2.3734951370318202,3.5278842102551176,0.001,30,12,1000,999,20260918
real,B cell,ENSG00000137959,IFI44L,IFI44L,3.519896642730568,2.8138645239466054,4.2230562836158745,0.001,30,12,1000,999,20260918
real,B cell,ENSG00000115267,IFIH1,IFIH1,0.7829003189185318,0.4302769656999654,1.0908707981452608,0.015,30,12,1000,999,20260918
real,B cell,ENSG00000119922,IFIT2,IFIT2,1.3668802603709713,0.9015472446062209,1.7338857390785685,0.001,30,12,1000,999,20260918
real,B cell,ENSG00000119917,IFIT3,IFIT3,2.9942405754296093,2.2123687518378654,3.6579166044037468,0.001,30,12,1000,999,20260918
real,B cell,ENSG00000185885,IFITM1,IFITM1,2.2426325162833574,1.5828392357435912,2.893770989202448,0.001,30,12,1000,999,20260918
real,B cell,ENSG00000185201,IFITM2,IFITM2,0.6883785442817006,0.43187994677846137,0.9266194349942025,0.001,30,12,1000,999,20260918
real,B cell,ENSG00000142089,IFITM3,IFITM3,2.2078118690027,1.5062622514831043,2.9884560343415565,0.001,30,12,1000,999,20260918
real,B cell,ENSG00000164136,IL15,IL15,0.4625294907433334,0.06945214317174885,0.8219734562339593,0.098,30,12,1000,999,20260918
real,B cell,ENSG00000077238,IL4R,IL4R,-0.46370126279859636,-0.8213792997528595,-0.10693594379402525,0.1,30,12,1000,999,20260918
real,B cell,ENSG00000104432,IL7,IL7,-0.5645898300871649,-1.026058352908596,-0.10572255833742598,0.072,30,12,1000,999,20260918
real,B cell,ENSG00000185507,IRF7,IRF7,1.5514376194289354,1.1089264799352598,1.9021143539257788,0.001,30,12,1000,999,20260918
real,B cell,ENSG00000187608,ISG15,ISG15,2.388804245563592,1.5215196605987067,3.0206430795090418,0.001,30,12,1000,999,20260918
real,B cell,ENSG00000172183,ISG20,ISG20,0.7896060111872534,0.5044516734731892,1.0552547373480206,0.006,30,12,1000,999,20260918
real,B cell,ENSG00000078081,LAMP3,LAMP3,1.8792249079713066,1.1675928729660459,2.535716684344823,0.004,30,12,1000,999,20260918
real,B cell,ENSG00000002549,LAP3,LAP3,1.1795719391964077,0.7237774391779627,1.5768363198562436,0.011,30,12,1000,999,20260918
real,B cell,ENSG00000139679,LPAR6,LPAR6,0.2639472672756833,-0.1417834604401431,0.6923892360341525,0.357,30,12,1000,999,20260918
real,B cell,ENSG00000155363,MOV10,MOV10,1.0370018711282445,0.5034112360978533,1.5399781572693463,0.01,30,12,1000,999,20260918
real,B cell,ENSG00000157601,MX1,MX1,2.1003454277622904,1.525259533113117,2.515772384014052,0.001,30,12,1000,999,20260918
real,B cell,ENSG00000089127,OAS1,OAS1,1.4722256475144855,0.9505956653172685,1.9120990840290397,0.002,30,12,1000,999,20260918
real,B cell,ENSG00000135114,OASL,OASL,2.484324841379053,1.6432265865871658,3.1119183613765067,0.002,30,12,1000,999,20260918
real,B cell,ENSG00000059378,PARP12,PARP12,0.6925147669104047,0.35455639650733306,0.9873288633748484,0.008,30,12,1000,999,20260918
real,B cell,ENSG00000173193,PARP14,PARP14,0.5362026819882187,0.31246537953492703,0.740152859524999,0.001,30,12,1000,999,20260918
real,B cell,ENSG00000138496,PARP9,PARP9,1.4905739681060053,1.0172278272050619,1.9040909836426463,0.001,30,12,1000,999,20260918
real,B cell,ENSG00000188313,PLSCR1,PLSCR1,1.6857549383203512,1.1829603049696285,2.1137818639075543,0.001,30,12,1000,999,20260918
real,B cell,ENSG00000138035,PNPT1,PNPT1,0.6297613854801363,0.2739911600546445,0.9539602215601314,0.014,30,12,1000,999,20260918
real,B cell,ENSG00000104312,RIPK2,RIPK2,0.36050763005804515,0.1133658159907504,0.5997444034855456,0.057,30,12,1000,999,20260918
real,B cell,ENSG00000092098,RNF31,RNF31,0.303581654358878,-0.2570174960935439,0.839227272657306,0.409,30,12,1000,999,20260918
real,B cell,ENSG00000134321,RSAD2,RSAD2,3.5766045410878813,2.7654026345456346,4.2036681285159245,0.001,30,12,1000,999,20260918
real,B cell,ENSG00000205413,SAMD9,SAMD9,0.3706628332525831,0.061316861540731876,0.6632420685845588,0.104,30,12,1000,999,20260918
real,B cell,ENSG00000177409,SAMD9L,SAMD9L,1.0269114825784822,0.6393859441509934,1.3310916535578297,0.001,30,12,1000,999,20260918
real,B cell,ENSG00000188404,SELL,SELL,-0.06530224638320951,-0.3051763391676495,0.16754932539726122,0.667,30,12,1000,999,20260918
real,B cell,ENSG00000135899,SP110,SP110,0.27106079225125873,0.0676761959616084,0.45492408215580205,0.083,30,12,1000,999,20260918
real,B cell,ENSG00000170581,STAT2,STAT2,0.6230943402038214,0.29655115764832507,0.8945537886050879,0.009,30,12,1000,999,20260918
real,B cell,ENSG00000196116,TDRD7,TDRD7,1.0974124511625405,0.7086020256505905,1.4724509409073034,0.002,30,12,1000,999,20260918
real,B cell,ENSG00000146859,TMEM140,TMEM140,0.7869783536955905,0.40520945840682887,1.1331276209569767,0.01,30,12,1000,999,20260918
real,B cell,ENSG00000135148,TRAFD1,TRAFD1,0.42231182092566383,0.13219723448048468,0.6884717610277599,0.048,30,12,1000,999,20260918
real,B cell,ENSG00000106785,TRIM14,TRIM14,0.690459172248162,0.3967255748004014,0.9305078811911028,0.003,30,12,1000,999,20260918
real,B cell,ENSG00000121060,TRIM25,TRIM25,0.8166515090506551,0.45246777600061594,1.1624940856693922,0.004,30,12,1000,999,20260918
real,B cell,ENSG00000132256,TRIM5,TRIM5,0.1540154288388702,-0.26496534457184284,0.47662414219541765,0.594,30,12,1000,999,20260918
real,B cell,ENSG00000182179,UBA7,UBA7,0.4857699445798325,0.2515532153415848,0.7173962946096891,0.005,30,12,1000,999,20260918
real,B cell,ENSG00000184979,USP18,USP18,3.6511417374696524,2.8671559914167277,4.319376259424651,0.001,30,12,1000,999,20260918
real,B cell,ENSG00000140105,WARS,WARS1,0.8014981255293347,0.18555814742649931,1.3447792633546654,0.104,30,12,1000,999,20260918
generated,Monocyte,ENSG00000019582,CD74,CD74,-0.03910337835800228,-0.14779265825035612,0.08173716682225916,0.595,30,12,1000,999,20260919
generated,Monocyte,ENSG00000134326,CMPK2,CMPK2,2.5269330823143616,2.051640360936363,3.0269741176684293,0.001,30,12,1000,999,20260919
generated,Monocyte,ENSG00000137200,CMTR1,CMTR1,0.0,0.0,0.0,1.0,30,12,1000,999,20260919
generated,Monocyte,ENSG00000184371,CSF1,CSF1,0.0,0.0,0.0,1.0,30,12,1000,999,20260919
generated,Monocyte,ENSG00000169245,CXCL10,CXCL10,0.22016350046649089,-0.4174332073901613,0.8913252872189453,0.586,30,12,1000,999,20260919
generated,Monocyte,ENSG00000169248,CXCL11,CXCL11,0.0,0.0,0.0,1.0,30,12,1000,999,20260919
generated,Monocyte,ENSG00000137628,DDX60,DDX60,2.6003295829438087,2.105939839133847,3.046343022745596,0.001,30,12,1000,999,20260919
generated,Monocyte,ENSG00000055332,EIF2AK2,EIF2AK2,0.9534449168779228,0.697923516356066,1.21092854644707,0.001,30,12,1000,999,20260919
generated,Monocyte,ENSG00000133106,EPSTI1,EPSTI1,1.8138605737205011,1.368324915236004,2.246513968664004,0.001,30,12,1000,999,20260919
generated,Monocyte,ENSG00000112773,FAM46A,TENT5A,0.8616045560031039,0.23223768227818165,1.5403654982730857,0.052,30,12,1000,999,20260919
generated,Monocyte,ENSG00000162645,GBP2,GBP2,0.39496127107769435,0.2444849035760571,0.5685410821349072,0.002,30,12,1000,999,20260919
generated,Monocyte,ENSG00000162654,GBP4,GBP4,0.9950324972289017,0.6898566435023854,1.2909536425442565,0.001,30,12,1000,999,20260919
generated,Monocyte,ENSG00000137198,GMPR,GMPR,0.1547880231785683,0.03812367898087139,0.28172372782507105,0.184,30,12,1000,999,20260919
generated,Monocyte,ENSG00000130589,HELZ2,HELZ2,0.8671734982071985,0.5062301502792257,1.192329146573076,0.019,30,12,1000,999,20260919
generated,Monocyte,ENSG00000138642,HERC6,HERC6,0.11978182075806283,0.025444610441546143,0.20843155913695896,0.539,30,12,1000,999,20260919
generated,Monocyte,ENSG00000165949,IFI27,IFI27,3.419495375108385,2.302035028267173,4.504546146206297,0.001,30,12,1000,999,20260919
generated,Monocyte,ENSG00000216490,IFI30,IFI30,-0.32784442255794644,-0.5135689911674786,-0.1385868523636931,0.031,30,12,1000,999,20260919
generated,Monocyte,ENSG00000068079,IFI35,IFI35,1.0070984086781734,0.6875802595699121,1.3197822986373868,0.001,30,12,1000,999,20260919
generated,Monocyte,ENSG00000137965,IFI44,IFI44,2.156849526363557,1.6601753814956541,2.7046305094075893,0.001,30,12,1000,999,20260919
generated,Monocyte,ENSG00000137959,IFI44L,IFI44L,2.1186057796566957,1.647281639464904,2.6170012936027924,0.001,30,12,1000,999,20260919
generated,Monocyte,ENSG00000115267,IFIH1,IFIH1,1.1169492136639059,0.42020217535589843,1.8198358506881611,0.026,30,12,1000,999,20260919
generated,Monocyte,ENSG00000119922,IFIT2,IFIT2,2.2521952442067525,1.5047568723509568,3.0108622385197323,0.001,30,12,1000,999,20260919
generated,Monocyte,ENSG00000119917,IFIT3,IFIT3,2.5140202236982554,1.862630633879055,3.1290448717556174,0.001,30,12,1000,999,20260919
generated,Monocyte,ENSG00000185885,IFITM1,IFITM1,0.2553629682326658,-0.1669941927543013,0.6851965408538643,0.365,30,12,1000,999,20260919
generated,Monocyte,ENSG00000185201,IFITM2,IFITM2,0.2414176166525306,0.12419068496559382,0.3649624763089061,0.004,30,12,1000,999,20260919
generated,Monocyte,ENSG00000142089,IFITM3,IFITM3,0.573156070591277,0.397100656464797,0.7304353486098976,0.001,30,12,1000,999,20260919
generated,Monocyte,ENSG00000164136,IL15,IL15,0.13157149356800085,0.0,0.28198033204831935,0.511,30,12,1000,999,20260919
generated,Monocyte,ENSG00000077238,IL4R,IL4R,0.06861948265744419,-0.24313965123836045,0.4060297112423654,0.761,30,12,1000,999,20260919
generated,Monocyte,ENSG00000104432,IL7,IL7,0.0,0.0,0.0,1.0,30,12,1000,999,20260919
generated,Monocyte,ENSG00000185507,IRF7,IRF7,0.8847624422737416,0.6227395644878088,1.1417501080109338,0.001,30,12,1000,999,20260919
generated,Monocyte,ENSG00000187608,ISG15,ISG15,1.156178570061219,0.8947588851964148,1.4154020526831272,0.001,30,12,1000,999,20260919
generated,Monocyte,ENSG00000172183,ISG20,ISG20,0.6876410837263247,0.48450062449357895,0.9004319048081906,0.001,30,12,1000,999,20260919
generated,Monocyte,ENSG00000078081,LAMP3,LAMP3,0.0,0.0,0.0,1.0,30,12,1000,999,20260919
generated,Monocyte,ENSG00000002549,LAP3,LAP3,0.7025499209035745,0.4730091465288772,0.9272756970934832,0.001,30,12,1000,999,20260919
generated,Monocyte,ENSG00000139679,LPAR6,LPAR6,0.1910939517766774,-0.04661204081878685,0.43034757396252,0.19,30,12,1000,999,20260919
generated,Monocyte,ENSG00000155363,MOV10,MOV10,0.0,0.0,0.0,1.0,30,12,1000,999,20260919
generated,Monocyte,ENSG00000157601,MX1,MX1,1.6274999058053443,1.214545202918676,2.047121943311679,0.001,30,12,1000,999,20260919
generated,Monocyte,ENSG00000089127,OAS1,OAS1,0.9953518306523289,0.6513670341172662,1.3202091717419853,0.001,30,12,1000,999,20260919
generated,Monocyte,ENSG00000135114,OASL,OASL,2.431615182744628,1.785930913346253,3.117780520640109,0.001,30,12,1000,999,20260919
generated,Monocyte,ENSG00000059378,PARP12,PARP12,0.9393760480791729,0.3817308823416806,1.5844486063927021,0.012,30,12,1000,999,20260919
generated,Monocyte,ENSG00000173193,PARP14,PARP14,0.8116168474082451,0.5669313349786802,1.0584460766031472,0.001,30,12,1000,999,20260919
generated,Monocyte,ENSG00000138496,PARP9,PARP9,0.8851667664132297,0.503586876203975,1.2972409154738318,0.002,30,12,1000,999,20260919
generated,Monocyte,ENSG00000188313,PLSCR1,PLSCR1,0.9950002772784666,0.7613391165750412,1.2001305851922046,0.001,30,12,1000,999,20260919
generated,Monocyte,ENSG00000138035,PNPT1,PNPT1,0.5857812647026364,0.2662728260464295,0.8767851882364249,0.014,30,12,1000,999,20260919
generated,Monocyte,ENSG00000104312,RIPK2,RIPK2,0.3725775411238293,-0.044841289442512706,0.797282820114398,0.175,30,12,1000,999,20260919
generated,Monocyte,ENSG00000092098,RNF31,RNF31,0.0,0.0,0.0,1.0,30,12,1000,999,20260919
generated,Monocyte,ENSG00000134321,RSAD2,RSAD2,2.186789850329871,1.414600211623973,2.961792251415949,0.001,30,12,1000,999,20260919
generated,Monocyte,ENSG00000205413,SAMD9,SAMD9,0.8284868411989899,0.5212544850345529,1.127820760873803,0.001,30,12,1000,999,20260919
generated,Monocyte,ENSG00000177409,SAMD9L,SAMD9L,1.4842516077749823,1.0085846363439777,1.9367092257353231,0.001,30,12,1000,999,20260919
generated,Monocyte,ENSG00000188404,SELL,SELL,0.2426814827429935,0.1070803103739372,0.3762120634503898,0.02,30,12,1000,999,20260919
generated,Monocyte,ENSG00000135899,SP110,SP110,0.3396746072693738,0.1692543156517403,0.5012492994762896,0.013,30,12,1000,999,20260919
generated,Monocyte,ENSG00000170581,STAT2,STAT2,0.36382889732506946,0.13160845357729145,0.6041803048634318,0.018,30,12,1000,999,20260919
generated,Monocyte,ENSG00000196116,TDRD7,TDRD7,0.0,0.0,0.0,1.0,30,12,1000,999,20260919
generated,Monocyte,ENSG00000146859,TMEM140,TMEM140,0.0,0.0,0.0,1.0,30,12,1000,999,20260919
generated,Monocyte,ENSG00000135148,TRAFD1,TRAFD1,0.20346164391866312,0.017414003617629986,0.4174140409153769,0.279,30,12,1000,999,20260919
generated,Monocyte,ENSG00000106785,TRIM14,TRIM14,0.2923696253881753,-0.01194927683664732,0.6105028572035426,0.093,30,12,1000,999,20260919
generated,Monocyte,ENSG00000121060,TRIM25,TRIM25,0.48063829920671547,-0.0852919986649901,0.9985743322410875,0.142,30,12,1000,999,20260919
generated,Monocyte,ENSG00000132256,TRIM5,TRIM5,0.032869835615307014,0.0,0.09644469512690289,1.0,30,12,1000,999,20260919
generated,Monocyte,ENSG00000182179,UBA7,UBA7,0.1580218023986573,0.022223831613392996,0.3362891020580547,0.382,30,12,1000,999,20260919
generated,Monocyte,ENSG00000184979,USP18,USP18,0.5267965174474996,0.2771553449291734,0.7554347404400302,0.047,30,12,1000,999,20260919
generated,Monocyte,ENSG00000140105,WARS,WARS1,0.5072208202613062,0.2635333653847574,0.7736211397760429,0.006,30,12,1000,999,20260919
real,Monocyte,ENSG00000019582,CD74,CD74,-0.07255175641601642,-0.28541381354393675,0.11534994371304252,0.625,30,12,1000,999,20260919
real,Monocyte,ENSG00000134326,CMPK2,CMPK2,2.1538044198345694,1.6346990936327987,2.6301721446744373,0.001,30,12,1000,999,20260919
real,Monocyte,ENSG00000137200,CMTR1,CMTR1,0.44216607847666217,0.09085917891761357,0.789899622965426,0.021,30,12,1000,999,20260919
real,Monocyte,ENSG00000184371,CSF1,CSF1,-0.16112450593323271,-0.8346131611557988,0.5660096475090879,0.711,30,12,1000,999,20260919
real,Monocyte,ENSG00000169245,CXCL10,CXCL10,1.9223096502626726,0.9695325747463622,2.7951869754445138,0.006,30,12,1000,999,20260919
real,Monocyte,ENSG00000169248,CXCL11,CXCL11,2.4565065390050376,1.4549202206844796,3.340398505794554,0.005,30,12,1000,999,20260919
real,Monocyte,ENSG00000137628,DDX60,DDX60,1.238904941452995,0.8056683226400903,1.6476914768828899,0.001,30,12,1000,999,20260919
real,Monocyte,ENSG00000055332,EIF2AK2,EIF2AK2,1.1093618755092567,0.7419188140385283,1.4164375423164677,0.001,30,12,1000,999,20260919
real,Monocyte,ENSG00000133106,EPSTI1,EPSTI1,2.1343120543585097,1.579722182285211,2.67444887032384,0.001,30,12,1000,999,20260919
real,Monocyte,ENSG00000112773,FAM46A,TENT5A,0.15480935983028923,-0.06890644335654998,0.3610715282865083,0.324,30,12,1000,999,20260919
real,Monocyte,ENSG00000162645,GBP2,GBP2,0.014280945424806478,-0.30278062682913776,0.3225971853440097,0.952,30,12,1000,999,20260919
real,Monocyte,ENSG00000162654,GBP4,GBP4,0.3488215839563126,-0.02037748126882053,0.7007585721451204,0.219,30,12,1000,999,20260919
real,Monocyte,ENSG00000137198,GMPR,GMPR,2.1099549015869488,1.5601607101048276,2.6550873370306314,0.001,30,12,1000,999,20260919
real,Monocyte,ENSG00000130589,HELZ2,HELZ2,0.8333455570846269,0.43893567294357533,1.2694824764749701,0.001,30,12,1000,999,20260919
real,Monocyte,ENSG00000138642,HERC6,HERC6,1.1054318403624226,0.6409443798661173,1.5434151456461898,0.004,30,12,1000,999,20260919
real,Monocyte,ENSG00000165949,IFI27,IFI27,7.301230128200599,5.844670684992425,8.893605444623512,0.001,30,12,1000,999,20260919
real,Monocyte,ENSG00000216490,IFI30,IFI30,0.2357793561514444,-0.05887484996926347,0.5029094213634576,0.201,30,12,1000,999,20260919
real,Monocyte,ENSG00000068079,IFI35,IFI35,0.9816083127751069,0.594275144611815,1.3531612999452887,0.002,30,12,1000,999,20260919
real,Monocyte,ENSG00000137965,IFI44,IFI44,2.0847437400931534,1.5841196768273034,2.5633987822453235,0.001,30,12,1000,999,20260919
real,Monocyte,ENSG00000137959,IFI44L,IFI44L,2.8665161464403175,2.116512661446791,3.640747620177768,0.001,30,12,1000,999,20260919
real,Monocyte,ENSG00000115267,IFIH1,IFIH1,1.2581936035711232,0.7883844479459641,1.6715632391170825,0.001,30,12,1000,999,20260919
real,Monocyte,ENSG00000119922,IFIT2,IFIT2,1.556081136406805,0.8938555065594066,2.14704526863991,0.001,30,12,1000,999,20260919
real,Monocyte,ENSG00000119917,IFIT3,IFIT3,2.004710317214385,1.222150688241422,2.738677057639837,0.001,30,12,1000,999,20260919
real,Monocyte,ENSG00000185885,IFITM1,IFITM1,1.8868367540884696,1.033646745965359,2.826077711524526,0.007,30,12,1000,999,20260919
real,Monocyte,ENSG00000185201,IFITM2,IFITM2,0.33654801578968674,-0.05543450074240343,0.7428596261958998,0.148,30,12,1000,999,20260919
real,Monocyte,ENSG00000142089,IFITM3,IFITM3,1.3394440737529854,0.679628391467654,2.108253128220702,0.003,30,12,1000,999,20260919
real,Monocyte,ENSG00000164136,IL15,IL15,0.25669373786204003,-0.014471641517623318,0.5421290415231236,0.153,30,12,1000,999,20260919
real,Monocyte,ENSG00000077238,IL4R,IL4R,-0.035102712393296806,-0.21038496602636728,0.11407696108979579,0.763,30,12,1000,999,20260919
real,Monocyte,ENSG00000104432,IL7,IL7,0.03912222881869449,-0.38996148041981527,0.46438001765307807,0.879,30,12,1000,999,20260919
real,Monocyte,ENSG00000185507,IRF7,IRF7,1.0846973373681936,0.6664799754042358,1.4629418024988523,0.001,30,12,1000,999,20260919
real,Monocyte,ENSG00000187608,ISG15,ISG15,2.1310590018690685,1.534681055396989,2.7095962864827166,0.001,30,12,1000,999,20260919
real,Monocyte,ENSG00000172183,ISG20,ISG20,0.9076320115023205,0.5215071806022398,1.264272280524506,0.001,30,12,1000,999,20260919
real,Monocyte,ENSG00000078081,LAMP3,LAMP3,0.18507828289201536,-0.20340782963733778,0.5476510169763962,0.449,30,12,1000,999,20260919
real,Monocyte,ENSG00000002549,LAP3,LAP3,0.8722969945872234,0.5005204605836311,1.2722280516937563,0.002,30,12,1000,999,20260919
real,Monocyte,ENSG00000139679,LPAR6,LPAR6,0.2519991855015128,-0.08690847386447736,0.5983544675444519,0.339,30,12,1000,999,20260919
real,Monocyte,ENSG00000155363,MOV10,MOV10,0.257399515024655,-0.06778583935460908,0.603353517818387,0.214,30,12,1000,999,20260919
real,Monocyte,ENSG00000157601,MX1,MX1,1.8471375645685646,1.2895157435446716,2.3878001614748676,0.001,30,12,1000,999,20260919
real,Monocyte,ENSG00000089127,OAS1,OAS1,0.6598903518568774,0.2484459470676896,1.059300917697146,0.049,30,12,1000,999,20260919
real,Monocyte,ENSG00000135114,OASL,OASL,1.941193497964697,1.4430536339194546,2.416196724874523,0.001,30,12,1000,999,20260919
real,Monocyte,ENSG00000059378,PARP12,PARP12,0.8299021478301889,0.48750418011813285,1.1559410572749786,0.001,30,12,1000,999,20260919
real,Monocyte,ENSG00000173193,PARP14,PARP14,0.8579145148664998,0.5126642588823975,1.1995642818188579,0.004,30,12,1000,999,20260919
real,Monocyte,ENSG00000138496,PARP9,PARP9,1.2214928137292593,0.8385958060181634,1.6057808719462343,0.001,30,12,1000,999,20260919
real,Monocyte,ENSG00000188313,PLSCR1,PLSCR1,1.2346800511517149,0.9257524305435448,1.4929675179250281,0.001,30,12,1000,999,20260919
real,Monocyte,ENSG00000138035,PNPT1,PNPT1,0.8385565305124834,0.4632205301644853,1.2237972027281625,0.001,30,12,1000,999,20260919
real,Monocyte,ENSG00000104312,RIPK2,RIPK2,0.1708653775994442,-0.1050728410742767,0.4230224740897881,0.34,30,12,1000,999,20260919
real,Monocyte,ENSG00000092098,RNF31,RNF31,0.334448961644815,-0.11556192394780243,0.9309831428428346,0.153,30,12,1000,999,20260919
real,Monocyte,ENSG00000134321,RSAD2,RSAD2,2.71554802329786,1.9846705492168353,3.3119225557143324,0.001,30,12,1000,999,20260919
real,Monocyte,ENSG00000205413,SAMD9,SAMD9,0.8688004935686918,0.4733999338490699,1.2523997145932244,0.005,30,12,1000,999,20260919
real,Monocyte,ENSG00000177409,SAMD9L,SAMD9L,1.0503027451052427,0.57379887410386,1.4707994774662672,0.001,30,12,1000,999,20260919
real,Monocyte,ENSG00000188404,SELL,SELL,0.5024226126778937,0.20218354834775723,0.7864844133344776,0.006,30,12,1000,999,20260919
real,Monocyte,ENSG00000135899,SP110,SP110,0.34916469897816793,0.05035187344102126,0.6095534954851319,0.071,30,12,1000,999,20260919
real,Monocyte,ENSG00000170581,STAT2,STAT2,0.6641611679112054,0.3464545219438258,0.9684878722545427,0.001,30,12,1000,999,20260919
real,Monocyte,ENSG00000196116,TDRD7,TDRD7,0.8052737513450002,0.48200218102050113,1.1049037701694504,0.001,30,12,1000,999,20260919
real,Monocyte,ENSG00000146859,TMEM140,TMEM140,0.8430014973355177,0.3465468810948283,1.3162559124686428,0.007,30,12,1000,999,20260919
real,Monocyte,ENSG00000135148,TRAFD1,TRAFD1,0.23150185162507655,-0.018906646407425853,0.4981792104844116,0.202,30,12,1000,999,20260919
real,Monocyte,ENSG00000106785,TRIM14,TRIM14,0.3713394591592063,0.022587527477591202,0.7230495596047569,0.058,30,12,1000,999,20260919
real,Monocyte,ENSG00000121060,TRIM25,TRIM25,0.4420074094697477,0.22433547795179423,0.6634203050817447,0.004,30,12,1000,999,20260919
real,Monocyte,ENSG00000132256,TRIM5,TRIM5,0.7733729982053447,0.4836567515152551,1.0866300370388797,0.002,30,12,1000,999,20260919
real,Monocyte,ENSG00000182179,UBA7,UBA7,0.2648498020290462,0.11713123373856908,0.4075200669217195,0.026,30,12,1000,999,20260919
real,Monocyte,ENSG00000184979,USP18,USP18,3.123853263310161,2.367000951362471,3.813689225156634,0.001,30,12,1000,999,20260919
real,Monocyte,ENSG00000140105,WARS,WARS1,0.06516161661400537,-0.22445013635331132,0.36516128554573263,0.725,30,12,1000,999,20260919
generated,NK cell,ENSG00000019582,CD74,CD74,0.3918450385274458,0.256197731406469,0.5377804929535465,0.001,29,12,1000,999,20260920
generated,NK cell,ENSG00000134326,CMPK2,CMPK2,1.8097078099476729,0.6640750280673381,3.0064405825399154,0.038,29,12,1000,999,20260920
generated,NK cell,ENSG00000137200,CMTR1,CMTR1,0.0,0.0,0.0,1.0,29,12,1000,999,20260920
generated,NK cell,ENSG00000184371,CSF1,CSF1,0.0,0.0,0.0,1.0,29,12,1000,999,20260920
generated,NK cell,ENSG00000169245,CXCL10,CXCL10,0.0,0.0,0.0,1.0,29,12,1000,999,20260920
generated,NK cell,ENSG00000169248,CXCL11,CXCL11,0.0,0.0,0.0,1.0,29,12,1000,999,20260920
generated,NK cell,ENSG00000137628,DDX60,DDX60,2.8249668794288483,1.7388055672139457,3.496056400281793,0.045,29,12,1000,999,20260920
generated,NK cell,ENSG00000055332,EIF2AK2,EIF2AK2,1.0226945276957102,0.6796183731659505,1.386439809449734,0.001,29,12,1000,999,20260920
generated,NK cell,ENSG00000133106,EPSTI1,EPSTI1,2.0837053601354327,1.4975637368751888,2.704518760818488,0.001,29,12,1000,999,20260920
generated,NK cell,ENSG00000112773,FAM46A,TENT5A,0.279935228723348,0.0,0.7158240837503872,1.0,29,12,1000,999,20260920
generated,NK cell,ENSG00000162645,GBP2,GBP2,0.4307412631851495,0.1411052336687237,0.7341054826314835,0.016,29,12,1000,999,20260920
generated,NK cell,ENSG00000162654,GBP4,GBP4,0.4367518241537291,0.1684934678742534,0.6880134016633245,0.027,29,12,1000,999,20260920
generated,NK cell,ENSG00000137198,GMPR,GMPR,0.0,0.0,0.0,1.0,29,12,1000,999,20260920
generated,NK cell,ENSG00000130589,HELZ2,HELZ2,0.4086604838458854,0.0,0.8018608030548068,0.742,29,12,1000,999,20260920
generated,NK cell,ENSG00000138642,HERC6,HERC6,1.1011236056908833,0.0,1.9472971784484514,0.511,29,12,1000,999,20260920
generated,NK cell,ENSG00000165949,IFI27,IFI27,1.0091298056088283,0.0,1.8978642203059761,0.787,29,12,1000,999,20260920
generated,NK cell,ENSG00000216490,IFI30,IFI30,-0.8057650515798858,-1.8229386819424673,0.6008155992222691,0.492,29,12,1000,999,20260920
generated,NK cell,ENSG00000068079,IFI35,IFI35,1.8092345871273612,1.2310494961604994,2.487984625512391,0.002,29,12,1000,999,20260920
generated,NK cell,ENSG00000137965,IFI44,IFI44,2.966470841331935,1.6388427756376942,5.045236138679401,0.002,29,12,1000,999,20260920
generated,NK cell,ENSG00000137959,IFI44L,IFI44L,2.7426054646313127,1.812128318534542,3.763209657817815,0.001,29,12,1000,999,20260920
generated,NK cell,ENSG00000115267,IFIH1,IFIH1,0.4710968085777269,0.0,0.8256438296672038,0.444,29,12,1000,999,20260920
generated,NK cell,ENSG00000119922,IFIT2,IFIT2,2.5259333832336637,1.5320386363885712,3.246052473438884,0.041,29,12,1000,999,20260920
generated,NK cell,ENSG00000119917,IFIT3,IFIT3,2.7251147873816266,1.5132344262421862,4.194683850433479,0.005,29,12,1000,999,20260920
generated,NK cell,ENSG00000185885,IFITM1,IFITM1,-0.017984928724529035,-0.12713893884422994,0.08407632776278509,0.815,29,12,1000,999,20260920
generated,NK cell,ENSG00000185201,IFITM2,IFITM2,0.004039060150264761,-0.05204159693198777,0.058405420162880174,0.916,29,12,1000,999,20260920
generated,NK cell,ENSG00000142089,IFITM3,IFITM3,0.5404624108001576,0.344315447006368,0.7103205431737473,0.001,29,12,1000,999,20260920
generated,NK cell,ENSG00000164136,IL15,IL15,0.0,0.0,0.0,1.0,29,12,1000,999,20260920
generated,NK cell,ENSG00000077238,IL4R,IL4R,-0.27718680738011536,-0.7093622124655492,0.15777754786388887,0.268,29,12,1000,999,20260920
generated,NK cell,ENSG00000104432,IL7,IL7,0.0,0.0,0.0,1.0,29,12,1000,999,20260920
generated,NK cell,ENSG00000185507,IRF7,IRF7,0.9364306087202664,0.5369237738605717,1.3525715556407911,0.002,29,12,1000,999,20260920
generated,NK cell,ENSG00000187608,ISG15,ISG15,0.7810623596409929,0.4646670488665837,1.074191781312197,0.001,29,12,1000,999,20260920
generated,NK cell,ENSG00000172183,ISG20,ISG20,0.30737452327605735,0.17502446698973556,0.459730172494317,0.006,29,12,1000,999,20260920
generated,NK cell,ENSG00000078081,LAMP3,LAMP3,0.0,0.0,0.0,1.0,29,12,1000,999,20260920
generated,NK cell,ENSG00000002549,LAP3,LAP3,0.5983087507068124,0.2472933867964702,1.0167847844172948,0.024,29,12,1000,999,20260920
generated,NK cell,ENSG00000139679,LPAR6,LPAR6,0.615569986794271,-0.45600920987356497,1.7937918145507248,0.303,29,12,1000,999,20260920
generated,NK cell,ENSG00000155363,MOV10,MOV10,0.0,0.0,0.0,1.0,29,12,1000,999,20260920
generated,NK cell,ENSG00000157601,MX1,MX1,1.569414550458264,0.9565273906108379,2.16114844453172,0.005,29,12,1000,999,20260920
generated,NK cell,ENSG00000089127,OAS1,OAS1,3.7446782107638006,2.484728942279977,5.290227279053493,0.001,29,12,1000,999,20260920
generated,NK cell,ENSG00000135114,OASL,OASL,2.1837624128724813,0.9985954935762104,3.5911877847022926,0.017,29,12,1000,999,20260920
generated,NK cell,ENSG00000059378,PARP12,PARP12,0.5724196138612027,0.0,1.2992717870708062,1.0,29,12,1000,999,20260920
generated,NK cell,ENSG00000173193,PARP14,PARP14,0.46644183883527,0.18774027329666704,0.7676812138298602,0.006,29,12,1000,999,20260920
generated,NK cell,ENSG00000138496,PARP9,PARP9,0.9296295054708835,0.3883397152707004,1.4433984669036235,0.002,29,12,1000,999,20260920
generated,NK cell,ENSG00000188313,PLSCR1,PLSCR1,1.400053645255761,0.9188303896520181,1.9236349316871513,0.002,29,12,1000,999,20260920
generated,NK cell,ENSG00000138035,PNPT1,PNPT1,0.20973347495258382,0.0,0.5552502990347076,1.0,29,12,1000,999,20260920
generated,NK cell,ENSG00000104312,RIPK2,RIPK2,0.9876928478395728,0.15915533958377664,1.6265561812172227,0.265,29,12,1000,999,20260920
generated,NK cell,ENSG00000092098,RNF31,RNF31,0.0,0.0,0.0,1.0,29,12,1000,999,20260920
generated,NK cell,ENSG00000134321,RSAD2,RSAD2,2.7040843635918783,1.570755535935526,3.5034869328566933,0.03,29,12,1000,999,20260920
generated,NK cell,ENSG00000205413,SAMD9,SAMD9,0.35259212977202736,0.08699402885120051,0.6635070104991143,0.103,29,12,1000,999,20260920
generated,NK cell,ENSG00000177409,SAMD9L,SAMD9L,0.8835924825570293,0.48982573607815943,1.2892442484495732,0.005,29,12,1000,999,20260920
generated,NK cell,ENSG00000188404,SELL,SELL,0.23841716097678997,0.09006904812940628,0.3993552498114925,0.022,29,12,1000,999,20260920
generated,NK cell,ENSG00000135899,SP110,SP110,0.3347106164896246,0.09184634635460717,0.6029459125665672,0.05,29,12,1000,999,20260920
generated,NK cell,ENSG00000170581,STAT2,STAT2,1.0608656050434861,0.4951609260267513,1.6687449156223988,0.002,29,12,1000,999,20260920
generated,NK cell,ENSG00000196116,TDRD7,TDRD7,0.0,0.0,0.0,1.0,29,12,1000,999,20260920
generated,NK cell,ENSG00000146859,TMEM140,TMEM140,0.0,0.0,0.0,1.0,29,12,1000,999,20260920
generated,NK cell,ENSG00000135148,TRAFD1,TRAFD1,0.6356531046062728,0.0,1.1821227295395442,0.332,29,12,1000,999,20260920
generated,NK cell,ENSG00000106785,TRIM14,TRIM14,-0.06550817161344272,-0.7030332033641736,0.6264691031615311,0.865,29,12,1000,999,20260920
generated,NK cell,ENSG00000121060,TRIM25,TRIM25,0.0,0.0,0.0,1.0,29,12,1000,999,20260920
generated,NK cell,ENSG00000132256,TRIM5,TRIM5,0.0,0.0,0.0,1.0,29,12,1000,999,20260920
generated,NK cell,ENSG00000182179,UBA7,UBA7,0.0,0.0,0.0,1.0,29,12,1000,999,20260920
generated,NK cell,ENSG00000184979,USP18,USP18,1.7132865777830595,0.8457049298374876,2.444053874205257,0.033,29,12,1000,999,20260920
generated,NK cell,ENSG00000140105,WARS,WARS1,1.8695144894061355,0.8226126878598933,2.6534052114783586,0.083,29,12,1000,999,20260920
real,NK cell,ENSG00000019582,CD74,CD74,0.3287564331250412,0.12921594491949953,0.5058542491622018,0.054,29,12,1000,999,20260920
real,NK cell,ENSG00000134326,CMPK2,CMPK2,2.302548811258333,1.6895266374315792,2.8249111476842725,0.003,29,12,1000,999,20260920
real,NK cell,ENSG00000137200,CMTR1,CMTR1,0.1875826084218958,-0.1687038754232806,0.5215138161192825,0.418,29,12,1000,999,20260920
real,NK cell,ENSG00000184371,CSF1,CSF1,0.1980048991697426,-0.835440551567537,1.1926592741931867,0.79,29,12,1000,999,20260920
real,NK cell,ENSG00000169245,CXCL10,CXCL10,2.9159193701817547,1.912866580108074,3.5883880566175486,0.007,29,12,1000,999,20260920
real,NK cell,ENSG00000169248,CXCL11,CXCL11,2.8452833807258697,0.0,4.250029866748001,0.797,29,12,1000,999,20260920
real,NK cell,ENSG00000137628,DDX60,DDX60,0.9854776297497719,0.5376385996253275,1.4664431865947853,0.006,29,12,1000,999,20260920
real,NK cell,ENSG00000055332,EIF2AK2,EIF2AK2,1.4873663135715935,1.1074592618076815,1.8495250459298251,0.002,29,12,1000,999,20260920
real,NK cell,ENSG00000133106,EPSTI1,EPSTI1,2.1811632763007682,1.6422270673702921,2.7897632572871154,0.001,29,12,1000,999,20260920
real,NK cell,ENSG00000112773,FAM46A,TENT5A,0.297509289181467,0.10682059026219691,0.4782248200960724,0.022,29,12,1000,999,20260920
real,NK cell,ENSG00000162645,GBP2,GBP2,0.2569596374624074,0.08602977179847744,0.4350773688374107,0.031,29,12,1000,999,20260920
real,NK cell,ENSG00000162654,GBP4,GBP4,0.43700276131086524,0.21017977569486995,0.685286853888638,0.01,29,12,1000,999,20260920
real,NK cell,ENSG00000137198,GMPR,GMPR,1.2387103959450436,0.570391376358133,1.8260816428096274,0.02,29,12,1000,999,20260920
real,NK cell,ENSG00000130589,HELZ2,HELZ2,0.8787230403989186,0.5324530979995172,1.239657367799604,0.002,29,12,1000,999,20260920
real,NK cell,ENSG00000138642,HERC6,HERC6,1.4430591793387928,0.9013686249896397,1.9136338249654934,0.004,29,12,1000,999,20260920
real,NK cell,ENSG00000165949,IFI27,IFI27,7.104583626926506,5.778771342969769,8.659732692617382,0.001,29,12,1000,999,20260920
real,NK cell,ENSG00000216490,IFI30,IFI30,0.9276163620512637,0.3068214553078826,1.5670150829962433,0.046,29,12,1000,999,20260920
real,NK cell,ENSG00000068079,IFI35,IFI35,0.9959838190134752,0.6692419804222504,1.2751108710031034,0.003,29,12,1000,999,20260920
real,NK cell,ENSG00000137965,IFI44,IFI44,2.371752073879312,1.8395272078960039,2.870479038634987,0.002,29,12,1000,999,20260920
real,NK cell,ENSG00000137959,IFI44L,IFI44L,4.225928773081757,3.46827329792659,5.180254588952034,0.002,29,12,1000,999,20260920
real,NK cell,ENSG00000115267,IFIH1,IFIH1,1.0142684094988081,0.610004024629747,1.3909775659543233,0.009,29,12,1000,999,20260920
real,NK cell,ENSG00000119922,IFIT2,IFIT2,0.8528153076013774,0.11621391654027523,1.6912412912896184,0.067,29,12,1000,999,20260920
real,NK cell,ENSG00000119917,IFIT3,IFIT3,1.7292363012500025,0.9777310124382832,2.4356945820114535,0.011,29,12,1000,999,20260920
real,NK cell,ENSG00000185885,IFITM1,IFITM1,0.9284765973020028,0.452328753018897,1.4703274468050453,0.004,29,12,1000,999,20260920
real,NK cell,ENSG00000185201,IFITM2,IFITM2,0.2786882408246616,0.1363019611424935,0.4345420432172945,0.004,29,12,1000,999,20260920
real,NK cell,ENSG00000142089,IFITM3,IFITM3,1.039692734644984,0.5757877532786237,1.5719794667866098,0.003,29,12,1000,999,20260920
real,NK cell,ENSG00000164136,IL15,IL15,0.3978929004786704,0.019993844784887933,0.7724989396579031,0.126,29,12,1000,999,20260920
real,NK cell,ENSG00000077238,IL4R,IL4R,-0.12114142325623646,-0.3424117944766603,0.09959561772124975,0.351,29,12,1000,999,20260920
real,NK cell,ENSG00000104432,IL7,IL7,0.7828906242720224,-0.027482704784919734,1.6596550607906593,0.21,29,12,1000,999,20260920
real,NK cell,ENSG00000185507,IRF7,IRF7,1.6119422765344753,1.1893535268624311,1.9444830727319433,0.001,29,12,1000,999,20260920
real,NK cell,ENSG00000187608,ISG15,ISG15,1.782041619444172,1.2879322620495715,2.21821533798513,0.001,29,12,1000,999,20260920
real,NK cell,ENSG00000172183,ISG20,ISG20,1.1142822077174463,0.7863313727141906,1.4085416228963403,0.001,29,12,1000,999,20260920
real,NK cell,ENSG00000078081,LAMP3,LAMP3,0.8256015997109772,-0.20071015072474216,1.801309458648701,0.31,29,12,1000,999,20260920
real,NK cell,ENSG00000002549,LAP3,LAP3,0.8813778905231512,0.5773656688484397,1.1521908286453628,0.002,29,12,1000,999,20260920
real,NK cell,ENSG00000139679,LPAR6,LPAR6,0.33169664066768506,-0.1448575608997603,0.8183745459874718,0.154,29,12,1000,999,20260920
real,NK cell,ENSG00000155363,MOV10,MOV10,0.9260643516427883,0.5905344855586329,1.2534187470604643,0.004,29,12,1000,999,20260920
real,NK cell,ENSG00000157601,MX1,MX1,2.8644811364812095,2.2944280457453874,3.362471591531578,0.002,29,12,1000,999,20260920
real,NK cell,ENSG00000089127,OAS1,OAS1,2.5139737301859166,1.9280748293584125,3.0563019868325414,0.002,29,12,1000,999,20260920
real,NK cell,ENSG00000135114,OASL,OASL,1.6606478107799878,1.0882072416507103,2.2831329154459525,0.002,29,12,1000,999,20260920
real,NK cell,ENSG00000059378,PARP12,PARP12,0.8222313306575174,0.46922303331700904,1.195075631250763,0.007,29,12,1000,999,20260920
real,NK cell,ENSG00000173193,PARP14,PARP14,0.8626876473288445,0.57634489810981,1.1661932585762562,0.002,29,12,1000,999,20260920
real,NK cell,ENSG00000138496,PARP9,PARP9,1.4167485642693673,0.9555530522465332,1.8229384540282403,0.002,29,12,1000,999,20260920
real,NK cell,ENSG00000188313,PLSCR1,PLSCR1,1.6467727564625658,1.1493444692990988,2.0754867720554007,0.002,29,12,1000,999,20260920
real,NK cell,ENSG00000138035,PNPT1,PNPT1,0.48743937269250276,0.09211952290432666,0.9000539108821518,0.056,29,12,1000,999,20260920
real,NK cell,ENSG00000104312,RIPK2,RIPK2,0.3449624823509319,0.046174245796757114,0.6351900535601853,0.094,29,12,1000,999,20260920
real,NK cell,ENSG00000092098,RNF31,RNF31,0.9301223998521241,0.3847340939054383,1.6175680053114405,0.018,29,12,1000,999,20260920
real,NK cell,ENSG00000134321,RSAD2,RSAD2,2.7118183933973192,1.8210684414322988,3.6407562926979233,0.002,29,12,1000,999,20260920
real,NK cell,ENSG00000205413,SAMD9,SAMD9,0.48641753428510887,0.23954303257562767,0.744960729354054,0.022,29,12,1000,999,20260920
real,NK cell,ENSG00000177409,SAMD9L,SAMD9L,0.6259198830937137,0.3154878343172154,0.9418983999808922,0.012,29,12,1000,999,20260920
real,NK cell,ENSG00000188404,SELL,SELL,0.48298822399019575,0.07979482002095975,0.8524104621848522,0.112,29,12,1000,999,20260920
real,NK cell,ENSG00000135899,SP110,SP110,0.40363847199024555,0.177601196347491,0.613768667873952,0.026,29,12,1000,999,20260920
real,NK cell,ENSG00000170581,STAT2,STAT2,0.6439294767804334,0.23342708495389516,1.0557404420937564,0.027,29,12,1000,999,20260920
real,NK cell,ENSG00000196116,TDRD7,TDRD7,0.0015571412092497898,-0.5096511620583756,0.428236365520751,0.998,29,12,1000,999,20260920
real,NK cell,ENSG00000146859,TMEM140,TMEM140,0.5159199060789184,0.07106844343976851,0.971081895374087,0.115,29,12,1000,999,20260920
real,NK cell,ENSG00000135148,TRAFD1,TRAFD1,0.4559276100758962,0.13088737948965093,0.7603035505068608,0.011,29,12,1000,999,20260920
real,NK cell,ENSG00000106785,TRIM14,TRIM14,0.2783191732546897,0.00021369257810982493,0.5358641902179164,0.134,29,12,1000,999,20260920
real,NK cell,ENSG00000121060,TRIM25,TRIM25,1.055380609265969,0.6653290087294536,1.4431291675675395,0.003,29,12,1000,999,20260920
real,NK cell,ENSG00000132256,TRIM5,TRIM5,0.6039733797292939,0.23340284252257076,0.9620735669035683,0.056,29,12,1000,999,20260920
real,NK cell,ENSG00000182179,UBA7,UBA7,0.44540587538643667,0.21969693689288408,0.6706690016027572,0.007,29,12,1000,999,20260920
real,NK cell,ENSG00000184979,USP18,USP18,2.731621105516504,2.2000958679717098,3.162029229456551,0.002,29,12,1000,999,20260920
real,NK cell,ENSG00000140105,WARS,WARS1,0.8955187311005297,0.4909816496063111,1.2722519124244362,0.008,29,12,1000,999,20260920
generated,DC,ENSG00000019582,CD74,CD74,-0.10934999169925622,-0.29950278905122135,0.09044386139976311,0.373,21,8,1000,999,20260921
generated,DC,ENSG00000134326,CMPK2,CMPK2,1.6517872015573203,0.5065982687592543,3.594289381364166,0.041,21,8,1000,999,20260921
generated,DC,ENSG00000137200,CMTR1,CMTR1,0.0,0.0,0.0,1.0,21,8,1000,999,20260921
generated,DC,ENSG00000184371,CSF1,CSF1,0.0,0.0,0.0,1.0,21,8,1000,999,20260921
generated,DC,ENSG00000169245,CXCL10,CXCL10,0.0,0.0,0.0,1.0,21,8,1000,999,20260921
generated,DC,ENSG00000169248,CXCL11,CXCL11,0.0,0.0,0.0,1.0,21,8,1000,999,20260921
generated,DC,ENSG00000137628,DDX60,DDX60,1.7721264199020053,0.5243322259035808,2.613732298734683,0.271,21,8,1000,999,20260921
generated,DC,ENSG00000055332,EIF2AK2,EIF2AK2,0.522457542724308,0.09065255330260891,1.0244225670290894,0.067,21,8,1000,999,20260921
generated,DC,ENSG00000133106,EPSTI1,EPSTI1,1.1458773275290342,0.6159773675189902,1.787668647342723,0.005,21,8,1000,999,20260921
generated,DC,ENSG00000112773,FAM46A,TENT5A,-0.37931820399987426,-1.6047706554859156,1.2090809465239025,0.617,21,8,1000,999,20260921
generated,DC,ENSG00000162645,GBP2,GBP2,0.7172668288261905,0.0890881584644646,1.5389036585416702,0.044,21,8,1000,999,20260921
generated,DC,ENSG00000162654,GBP4,GBP4,0.9785013154782606,0.20877748657051773,2.0302865223599116,0.054,21,8,1000,999,20260921
generated,DC,ENSG00000137198,GMPR,GMPR,0.0,0.0,0.0,1.0,21,8,1000,999,20260921
generated,DC,ENSG00000130589,HELZ2,HELZ2,0.16319454971748948,0.0,0.44285502506795027,1.0,21,8,1000,999,20260921
generated,DC,ENSG00000138642,HERC6,HERC6,0.5623853696725221,0.0,1.2810313706645342,1.0,21,8,1000,999,20260921
generated,DC,ENSG00000165949,IFI27,IFI27,2.740259383220367,0.9608337713150181,3.7316706346467208,0.168,21,8,1000,999,20260921
generated,DC,ENSG00000216490,IFI30,IFI30,-0.17729618535612707,-0.47880745838074606,0.11524011800325115,0.399,21,8,1000,999,20260921
generated,DC,ENSG00000068079,IFI35,IFI35,0.5581989645087148,0.1701985486128833,0.936542997948772,0.066,21,8,1000,999,20260921
generated,DC,ENSG00000137965,IFI44,IFI44,2.154443480280465,1.1245823829994932,4.43031087881839,0.003,21,8,1000,999,20260921
generated,DC,ENSG00000137959,IFI44L,IFI44L,1.644200446407066,0.9759695183095447,2.4406474851676117,0.002,21,8,1000,999,20260921
generated,DC,ENSG00000115267,IFIH1,IFIH1,0.0910975079643834,-1.399813902261219,1.7043500649323338,1.0,21,8,1000,999,20260921
generated,DC,ENSG00000119922,IFIT2,IFIT2,1.5643248993177719,0.49163829597877834,3.1201077561823447,0.038,21,8,1000,999,20260921
generated,DC,ENSG00000119917,IFIT3,IFIT3,2.140242623166787,0.8550766254895614,4.564588137322005,0.012,21,8,1000,999,20260921
generated,DC,ENSG00000185885,IFITM1,IFITM1,0.5750487210200328,0.2009423854842247,0.9308100735957803,0.114,21,8,1000,999,20260921
generated,DC,ENSG00000185201,IFITM2,IFITM2,0.25259745387880794,0.15644727956165827,0.35098300770579516,0.009,21,8,1000,999,20260921
generated,DC,ENSG00000142089,IFITM3,IFITM3,0.7476543071294549,0.5206592913035473,0.9610447830857036,0.001,21,8,1000,999,20260921
generated,DC,ENSG00000164136,IL15,IL15,0.0,0.0,0.0,1.0,21,8,1000,999,20260921
generated,DC,ENSG00000077238,IL4R,IL4R,-0.3916377918698004,-0.9249478425861032,0.2723154700324581,0.283,21,8,1000,999,20260921
generated,DC,ENSG00000104432,IL7,IL7,0.0,0.0,0.0,1.0,21,8,1000,999,20260921
generated,DC,ENSG00000185507,IRF7,IRF7,-0.5848334121089781,-0.9739972925087901,-0.19525043704419884,0.016,21,8,1000,999,20260921
generated,DC,ENSG00000187608,ISG15,ISG15,1.0693278528416743,0.6931350675749738,1.4616901188354037,0.001,21,8,1000,999,20260921
generated,DC,ENSG00000172183,ISG20,ISG20,0.22747958574086471,-0.3133692066643595,0.8955242714669873,0.423,21,8,1000,999,20260921
generated,DC,ENSG00000078081,LAMP3,LAMP3,0.0,0.0,0.0,1.0,21,8,1000,999,20260921
generated,DC,ENSG00000002549,LAP3,LAP3,0.3903184722947927,0.1611140437775977,0.6233381432886578,0.013,21,8,1000,999,20260921
generated,DC,ENSG00000139679,LPAR6,LPAR6,0.5238801363483198,0.12911977312445005,0.9730901184229043,0.085,21,8,1000,999,20260921
generated,DC,ENSG00000155363,MOV10,MOV10,0.0,0.0,0.0,1.0,21,8,1000,999,20260921
generated,DC,ENSG00000157601,MX1,MX1,0.5761958672118545,0.12782654882475714,1.0617212577260449,0.086,21,8,1000,999,20260921
generated,DC,ENSG00000089127,OAS1,OAS1,0.29019284153696323,-0.3806101501799,0.9518775593694995,0.484,21,8,1000,999,20260921
generated,DC,ENSG00000135114,OASL,OASL,1.6904437295681216,0.692970520665058,2.8304573993262103,0.023,21,8,1000,999,20260921
generated,DC,ENSG00000059378,PARP12,PARP12,-0.26460587922385,-1.3099445225616082,1.1272952755852819,0.788,21,8,1000,999,20260921
generated,DC,ENSG00000173193,PARP14,PARP14,1.1023903153569117,0.6437184698720598,1.5992199225554022,0.001,21,8,1000,999,20260921
generated,DC,ENSG00000138496,PARP9,PARP9,0.1859008753940041,-0.37335332924932224,0.8801458114989102,0.65,21,8,1000,999,20260921
generated,DC,ENSG00000188313,PLSCR1,PLSCR1,0.6453469737562187,0.4331289867384275,0.9033967028354898,0.001,21,8,1000,999,20260921
generated,DC,ENSG00000138035,PNPT1,PNPT1,0.6107544145692759,-0.824708349504764,2.2143292354496906,0.51,21,8,1000,999,20260921
generated,DC,ENSG00000104312,RIPK2,RIPK2,0.5920514433458808,0.12567952566397803,1.1382802540994492,0.051,21,8,1000,999,20260921
generated,DC,ENSG00000092098,RNF31,RNF31,0.0,0.0,0.0,1.0,21,8,1000,999,20260921
generated,DC,ENSG00000134321,RSAD2,RSAD2,1.1833831625477675,-0.34341118949415167,3.0752384553585395,0.337,21,8,1000,999,20260921
generated,DC,ENSG00000205413,SAMD9,SAMD9,0.5733536607077799,-0.08658449287463842,1.4924558387032376,0.094,21,8,1000,999,20260921
generated,DC,ENSG00000177409,SAMD9L,SAMD9L,0.8191608605660492,0.12591767389170794,1.7013227122270413,0.05,21,8,1000,999,20260921
generated,DC,ENSG00000188404,SELL,SELL,-0.22194105064437034,-0.4205498994944331,-0.025052948918323974,0.069,21,8,1000,999,20260921
generated,DC,ENSG00000135899,SP110,SP110,0.12544202455838988,-0.20462046638390985,0.48599402376511663,0.545,21,8,1000,999,20260921
generated,DC,ENSG00000170581,STAT2,STAT2,0.2642228276892322,-0.19245767465282276,0.8651732869104194,0.327,21,8,1000,999,20260921
generated,DC,ENSG00000196116,TDRD7,TDRD7,0.0,0.0,0.0,1.0,21,8,1000,999,20260921
generated,DC,ENSG00000146859,TMEM140,TMEM140,0.0,0.0,0.0,1.0,21,8,1000,999,20260921
generated,DC,ENSG00000135148,TRAFD1,TRAFD1,0.0,0.0,0.0,1.0,21,8,1000,999,20260921
generated,DC,ENSG00000106785,TRIM14,TRIM14,0.015687445797572423,-0.6284857979449976,0.7130273272042936,0.977,21,8,1000,999,20260921
generated,DC,ENSG00000121060,TRIM25,TRIM25,0.5679611118780099,0.0,1.1392247780437637,0.617,21,8,1000,999,20260921
generated,DC,ENSG00000132256,TRIM5,TRIM5,0.2734765017221055,0.0,0.7014612272364156,1.0,21,8,1000,999,20260921
generated,DC,ENSG00000182179,UBA7,UBA7,0.1979429865561385,0.0,0.5272556201249082,1.0,21,8,1000,999,20260921
generated,DC,ENSG00000184979,USP18,USP18,0.0,0.0,0.0,1.0,21,8,1000,999,20260921
generated,DC,ENSG00000140105,WARS,WARS1,0.683671037097128,0.11491440271413934,1.391746663017489,0.072,21,8,1000,999,20260921
real,DC,ENSG00000019582,CD74,CD74,-0.024838934587985084,-0.26719696442188967,0.22268354355308428,0.866,21,8,1000,999,20260921
real,DC,ENSG00000134326,CMPK2,CMPK2,1.823838758814966,1.1164001867102038,2.519780005407649,0.011,21,8,1000,999,20260921
real,DC,ENSG00000137200,CMTR1,CMTR1,0.3191687837805696,-0.27719556223003744,0.8723907311774147,0.495,21,8,1000,999,20260921
real,DC,ENSG00000184371,CSF1,CSF1,-1.1452829072996455,-2.0649937220331895,0.28422621404062676,0.108,21,8,1000,999,20260921
real,DC,ENSG00000169245,CXCL10,CXCL10,2.196643381320071,-1.2388026128275411,6.24959467332176,0.64,21,8,1000,999,20260921
real,DC,ENSG00000169248,CXCL11,CXCL11,2.297948067593792,0.0,3.312817242189157,0.4,21,8,1000,999,20260921
real,DC,ENSG00000137628,DDX60,DDX60,1.6231975119051896,0.791414787995667,2.3968392746169065,0.022,21,8,1000,999,20260921
real,DC,ENSG00000055332,EIF2AK2,EIF2AK2,1.3065029799467234,0.8437315237102025,1.7849275401247156,0.004,21,8,1000,999,20260921
real,DC,ENSG00000133106,EPSTI1,EPSTI1,1.9933002679285368,1.39465132391196,2.5788347928520405,0.005,21,8,1000,999,20260921
real,DC,ENSG00000112773,FAM46A,TENT5A,0.3475342725560449,-0.005161513664461568,0.7010623463367629,0.161,21,8,1000,999,20260921
real,DC,ENSG00000162645,GBP2,GBP2,0.32975682477183715,-0.09158691009400032,0.7000339784504576,0.366,21,8,1000,999,20260921
real,DC,ENSG00000162654,GBP4,GBP4,0.5232440214959396,0.030162677631561417,1.1729618998501203,0.078,21,8,1000,999,20260921
real,DC,ENSG00000137198,GMPR,GMPR,1.308572469123564,0.4647557522980893,2.389749949541882,0.032,21,8,1000,999,20260921
real,DC,ENSG00000130589,HELZ2,HELZ2,1.1680050754245055,0.7238494565331388,1.5611256171454202,0.005,21,8,1000,999,20260921
real,DC,ENSG00000138642,HERC6,HERC6,1.1228921984245188,0.13590027378213798,2.0936817150537443,0.085,21,8,1000,999,20260921
real,DC,ENSG00000165949,IFI27,IFI27,6.040770779572757,4.326966083210691,8.878249359559504,0.022,21,8,1000,999,20260921
real,DC,ENSG00000216490,IFI30,IFI30,0.13706696294871706,-0.18753791685303983,0.4561625001521715,0.523,21,8,1000,999,20260921
real,DC,ENSG00000068079,IFI35,IFI35,0.9057429029200605,0.517546602815362,1.269413104080894,0.022,21,8,1000,999,20260921
real,DC,ENSG00000137965,IFI44,IFI44,2.3458657752834595,1.716796415921948,2.991503074962135,0.005,21,8,1000,999,20260921
real,DC,ENSG00000137959,IFI44L,IFI44L,3.1084076171006823,2.057736637007791,4.154598996842511,0.007,21,8,1000,999,20260921
real,DC,ENSG00000115267,IFIH1,IFIH1,1.4133814231165485,0.8115306243363702,1.9925296276941458,0.014,21,8,1000,999,20260921
real,DC,ENSG00000119922,IFIT2,IFIT2,1.1110909599637075,0.4860091792850003,1.7908721652592705,0.029,21,8,1000,999,20260921
real,DC,ENSG00000119917,IFIT3,IFIT3,3.088252477293265,2.08863800473079,4.055522314850836,0.008,21,8,1000,999,20260921
real,DC,ENSG00000185885,IFITM1,IFITM1,2.4461604686769047,1.6107474256132586,3.354352459829476,0.005,21,8,1000,999,20260921
real,DC,ENSG00000185201,IFITM2,IFITM2,0.8184561792047376,0.4643615044258748,1.1416880187336689,0.009,21,8,1000,999,20260921
real,DC,ENSG00000142089,IFITM3,IFITM3,2.5046831775656706,1.7204724166346272,3.3625162109737134,0.003,21,8,1000,999,20260921
real,DC,ENSG00000164136,IL15,IL15,0.5458952626276564,-0.22493943344304043,1.2225050899758318,0.394,21,8,1000,999,20260921
real,DC,ENSG00000077238,IL4R,IL4R,0.25260501095007887,0.01510186449961829,0.4903332373888554,0.13,21,8,1000,999,20260921
real,DC,ENSG00000104432,IL7,IL7,0.5589470583781897,-0.05688757919432908,1.0553779680279,0.289,21,8,1000,999,20260921
real,DC,ENSG00000185507,IRF7,IRF7,0.10487293251555974,-0.3660504211738309,0.5532008173626812,0.777,21,8,1000,999,20260921
real,DC,ENSG00000187608,ISG15,ISG15,2.2732248541051607,1.555378519846395,2.950629763636676,0.005,21,8,1000,999,20260921
real,DC,ENSG00000172183,ISG20,ISG20,1.2917587484607476,0.7588152558950301,1.8134709735857912,0.007,21,8,1000,999,20260921
real,DC,ENSG00000078081,LAMP3,LAMP3,-0.6505662246970632,-2.3499737113815624,1.7255278703055092,0.623,21,8,1000,999,20260921
real,DC,ENSG00000002549,LAP3,LAP3,0.7727777754719676,0.4117757796901473,1.1263874399521188,0.021,21,8,1000,999,20260921
real,DC,ENSG00000139679,LPAR6,LPAR6,0.42544601950616107,0.01629491294474205,0.884137280376521,0.166,21,8,1000,999,20260921
real,DC,ENSG00000155363,MOV10,MOV10,0.37515991765657214,-0.2593291605796349,1.013391080415698,0.297,21,8,1000,999,20260921
real,DC,ENSG00000157601,MX1,MX1,2.131014155204077,1.5133086488695222,2.6630740494112075,0.007,21,8,1000,999,20260921
real,DC,ENSG00000089127,OAS1,OAS1,1.1353916321328505,0.6957622645918506,1.5166033104170487,0.015,21,8,1000,999,20260921
real,DC,ENSG00000135114,OASL,OASL,2.2450439527222557,1.4695063313087906,3.03550995381407,0.007,21,8,1000,999,20260921
real,DC,ENSG00000059378,PARP12,PARP12,1.0463332361600282,0.6518583263893466,1.41612657888589,0.004,21,8,1000,999,20260921
real,DC,ENSG00000173193,PARP14,PARP14,1.2474045004349283,0.7430898500887271,1.7820989341987064,0.007,21,8,1000,999,20260921
real,DC,ENSG00000138496,PARP9,PARP9,1.8326486641609543,1.2452573906875233,2.3749749429942004,0.002,21,8,1000,999,20260921
real,DC,ENSG00000188313,PLSCR1,PLSCR1,1.0415547041553692,0.6857593154787267,1.3753604306113483,0.004,21,8,1000,999,20260921
real,DC,ENSG00000138035,PNPT1,PNPT1,0.6068482629653322,0.12352048550789377,1.0601043655625917,0.069,21,8,1000,999,20260921
real,DC,ENSG00000104312,RIPK2,RIPK2,0.591363763855382,0.3501221007748275,0.8013974901140338,0.001,21,8,1000,999,20260921
real,DC,ENSG00000092098,RNF31,RNF31,0.1330479689778263,-0.8469191869411383,1.1189139907323682,0.829,21,8,1000,999,20260921
real,DC,ENSG00000134321,RSAD2,RSAD2,2.3133166747111535,1.4783908594152677,3.2131460001367307,0.008,21,8,1000,999,20260921
real,DC,ENSG00000205413,SAMD9,SAMD9,0.40587055044011877,-0.19425765984188778,0.9370082143714189,0.275,21,8,1000,999,20260921
real,DC,ENSG00000177409,SAMD9L,SAMD9L,0.9975594032845017,0.44113070354260164,1.5317358968609838,0.045,21,8,1000,999,20260921
real,DC,ENSG00000188404,SELL,SELL,0.1451556021965319,-0.09590659738113723,0.39325706153151885,0.357,21,8,1000,999,20260921
real,DC,ENSG00000135899,SP110,SP110,0.7250540674898656,0.386037613348082,1.0448315098321026,0.024,21,8,1000,999,20260921
real,DC,ENSG00000170581,STAT2,STAT2,0.8220743315906579,0.49331705435934636,1.1422034810566977,0.01,21,8,1000,999,20260921
real,DC,ENSG00000196116,TDRD7,TDRD7,0.3993783187277852,-0.37692807198839484,1.3026386489554556,0.358,21,8,1000,999,20260921
real,DC,ENSG00000146859,TMEM140,TMEM140,0.44101930706725334,-0.18237663110225333,1.1101048359298915,0.39,21,8,1000,999,20260921
real,DC,ENSG00000135148,TRAFD1,TRAFD1,0.41753977618124477,0.0003771717203129371,0.8530462885159067,0.141,21,8,1000,999,20260921
real,DC,ENSG00000106785,TRIM14,TRIM14,0.5070885698532559,0.12637454659030486,0.944315476681232,0.054,21,8,1000,999,20260921
real,DC,ENSG00000121060,TRIM25,TRIM25,0.08348033485211796,-0.25410666628617495,0.39337768455945293,0.782,21,8,1000,999,20260921
real,DC,ENSG00000132256,TRIM5,TRIM5,0.8283234161852053,0.27653142381214735,1.3440024367907168,0.074,21,8,1000,999,20260921
real,DC,ENSG00000182179,UBA7,UBA7,0.17654913701693414,-0.12223347960509123,0.43933802972093366,0.447,21,8,1000,999,20260921
real,DC,ENSG00000184979,USP18,USP18,2.9851940382045203,1.9392090724757762,4.288833345540929,0.008,21,8,1000,999,20260921
real,DC,ENSG00000140105,WARS,WARS1,0.44290189256818613,0.1291381997111748,0.7538988602522062,0.076,21,8,1000,999,20260921
